Date,Title,Project,Author,Description,Image,Link,Show
2012-11,Welcome to the new ICSEDS Website!,Society,,Lost in the Great Fire - no archived copy survives.,,,yes
2012-11,Surrey Satellite Technology Ltd Trip,Society,,Lost in the Great Fire - no archived copy survives.,,,yes
2012-11,Pulse Jet Engine Casual Meeting,Society,,Lost in the Great Fire - no archived copy survives.,,,yes
2012-11,Lunar Observation by Astrosoc,Society,,Lost in the Great Fire - no archived copy survives.,,,yes
2012-11,IMAX Afternoon – Fly me to the Moon 3D,Society,,Lost in the Great Fire - no archived copy survives.,,,yes
2012-11,High Altitude Ballooning First Meeting,High Altitude Ballooning,,Lost in the Great Fire - no archived copy survives.,,,yes
2012-11,First Rocketry Meeting,Rocketry,,Lost in the Great Fire - no archived copy survives.,,,yes
2012-12,Helium Shortages! Run to the hills!!!!,Society,,Lost in the Great Fire - no archived copy survives.,,,yes
2012-12,Happy Holidays!,Society,,Lost in the Great Fire - no archived copy survives.,,,yes
2013-01,Welcome to a new term!,Society,,Lost in the Great Fire - no archived copy survives.,,,yes
2013-01,Project Opportunity : UKSEDS Payload for DARE Stratos II,Rocketry,guilds_icseds,"There is an opportunity to for a UKSEDS wide project involving flying an experiment on a dutch sounding rocket. UKSEDS may be able to provide a proposal for a scientific payload. A project would need, at a minimum, on the experiment side, very committed team members on science,...",,archive/2013-01-project-opportunity-ukseds-payload-for-dare-stratos-ii.html,yes
2013-02,We are the 15%!,Society,,Lost in the Great Fire - no archived copy survives.,,,yes
2013-02,Nominations for committee 2013/14 open today,Society,,Lost in the Great Fire - no archived copy survives.,,,yes
2013-02,ICSEDS AGM 2012/13,Society,,Lost in the Great Fire - no archived copy survives.,,,yes
2013-02,DLR EDEN Initiative Intership,Society,,Lost in the Great Fire - no archived copy survives.,,,yes
2013-03,Volunteer for IOP’s Physics in the Field events,Society,,Lost in the Great Fire - no archived copy survives.,,,yes
2013-03,Manifestos for AGM,Society,,Lost in the Great Fire - no archived copy survives.,,,yes
2013-03,How do you organise a space conference? Planet.,Society,,Lost in the Great Fire - no archived copy survives.,,,yes
2013-03,Committee 2013/14 Elected!,Society,guilds_icseds,"At last night’s AGM ICSEDS members voted in favour of our new constitution, which can be viewed on the constitution page . The committe elections for the next academic year where then held, where we filled every committee position! So I am now proud to announce the winning...",,archive/2013-03-committee-201314-elected.html,yes
2013-03,A Good Week for ICSEDS,Society,,Lost in the Great Fire - no archived copy survives.,,,yes
2013-04,Upcoming Events,Society,,Lost in the Great Fire - no archived copy survives.,,,yes
2013-04,The UK Space Design Competition 2013,Society,,Lost in the Great Fire - no archived copy survives.,,,yes
2013-04,SpIN Placement Opportunities 2013,Society,,Lost in the Great Fire - no archived copy survives.,,,yes
2013-04,Internship Opportunities for RBS ESSA Accredited Society Members,Society,,Lost in the Great Fire - no archived copy survives.,,,yes
2013-04,Discount Tickets for the Festival of the Spoken Nerd!,Society,,Lost in the Great Fire - no archived copy survives.,,,yes
2013-05,SpIN – New Placements with Extended Deadline,Society,,Lost in the Great Fire - no archived copy survives.,,,yes
2013-05,IOP Sponsorship!,Society,,Lost in the Great Fire - no archived copy survives.,,,yes
2013-05,ICSEDS RBS ESSA Entry,Society,,Lost in the Great Fire - no archived copy survives.,,,yes
2013-05,ICSEDS Launch Trip,Society,,Lost in the Great Fire - no archived copy survives.,,,yes
2013-05,Help Us Find Our HABs!,Society,,Lost in the Great Fire - no archived copy survives.,,,yes
2013-08,Welcome to the new committee!,Society,,Lost in the Great Fire - no archived copy survives.,,,yes
2013-09,Hello!,High Altitude Ballooning,Joseph Dudley,"Whilst you’ve been enjoying the last rays of the summer sunshine, we’ve been hard at work getting ready for the coming year. We’ve got big plans for more rocketry , more ballooning , and more awesomeness . All we need now is for you to become a member, which you can do quickly...",,archive/2013-09-hello.html,yes
2013-10,Introductory Meeting on Thursday 10th,Society,Joseph Dudley,"Lectures may have reappeared on your calendar, but so has ICSEDS! Our introductory meeting will be on Thursday 10th October at 6pm . Contrary to what it says on our leaflets, it will not be in Skempton 164, but in the Royal School of Mines LT 1.47 (first floor on the right)....",,archive/2013-10-introductory-meeting.html,yes
2013-10,A Successful Launch,High Altitude Ballooning,Joseph Dudley,"Great to see so many people at today’s meeting, we’re just hoping we’ll have enough rockets! Full details of all our projects can be found here. You’ll need to buy membership and project tickets on the Union website . Ballooning will start next Tuesday (15th) at 6pm in Skempton...",,archive/2013-10-a-successful-launch.html,yes
2013-11,It’s all go!,High Altitude Ballooning,Joseph Dudley,It’s all go here at ICSEDS mission control! The model rocketeers have finished building their first kit rockets are now using OpenRocket to design their own; the high powered rocketry team is carefully crafting the parts in needs; the balloonists are finalising their designs...,,archive/2013-11-its-all-go.html,yes
2014-02,The AGM Grows Near,Society,Joseph Dudley,"Our AGM will be held at 6pm on Thursday 13th March in Lecture Theatre 2.28 of the Royal School of Mines . We give you a round-up of the year, and then you elect a new committee. Interested in running for election? All positions are open to any student in any year, and are...",,archive/2014-02-the-agm-grows-near.html,yes
2014-03,Election Manifestos 2014,Society,Joseph Dudley,"Events Officer – Francis Nwobu At this society we’re all linked by one common interest… Space! We joined to get involved in as many space-related activities as possible and so far this club has provided a lot in terms of internal and external projects. However, as Imperial...",,archive/2014-03-735.html,yes
2014-10,Another year!,Society,,Lost in the Great Fire - no archived copy survives.,,,yes
2015-02,"Another Year, Another AGM",Society,guilds_icseds,"Our 2015 AGM will be held at 6pm on Thursday 19th March in Room 301 of the Skempton (Civil Engineering) Buildin’ . We give you a round-up of the year, and then you elect a new committee. Interested in running for election? All positions are open to any ICSEDS member in any year,...",,archive/2015-02-another-year-another-agm.html,yes
2017-08,Freshers’ Fair 2017,Society,guilds_icseds,"If you have any questions, or if you’d just like to talk about space, do not hesitate to come and see us at Imperial College’s Freshers’ Fair on the 3rd of October. 🙂",,archive/2017-08-freshers-fair-2017.html,yes
2017-09,Introductory Meeting,Rocketry,guilds_icseds,A new year full of rockets and space is about to start! Come along to our introductory event on the 10th of October in Skempton 301 to enjoy the company of space-minded people (there might also be free food 😉 ). If you have any questions that you did not ask at the Freshers’...,,archive/2017-09-introductory-meeting-2.html,yes
2018-11,HAB Launch (November 2018),High Altitude Ballooning,guilds_icseds,"High-Altitude Ballooning has really taken off this year, with their launch on the 3rd November; Project Commander Medad Newman has written an article in the Imperial Newspaper (Felix) about the experience! Read the text below, or view the article here !  “On 3rd November,...",,archive/2018-11-hab-launch-november-2018.html,yes
2019-01,High Altitude Ballooning Group launch Pico balloons to the Netherlands from London,High Altitude Ballooning,Medad Newman,"The High altitude ballooning group launched two pico balloons with ultra light trackers from Wormwood scrubs, London on the 26th of January 2019. The two trackers were launched with the call signs ICSPACE2 and ICSPACE3 about 1.5 hours apart. We tracked ICSPACE2 all the way to...",,archive/2019-01-high-altitude-ballooning-group-launch-twin-pico-balloons-to-the-nether.html,yes
2019-02,High Altitude Ballooning group launch a balloon that AGAIN landed in the Netherlands,High Altitude Ballooning,Medad Newman,"The flight path of ICPACE5 that landed in the Netherlands. On the 6 Feb 2019, the High altitude ballooning group launched 2 Pico balloons,ICSPACE4 and 5 from Wormwood Scrubs, London. ICSPACE5 travelled a total of 386.52 km and reached a max altitude of 6290m. However, ICSPACE4...",,archive/2019-02-high-altitude-ballooning-group-launch-a-balloon-that-again-landed-in-t.html,yes
2019-03,High altitude ballooning group launch pair of balloons to Belgium this time,High Altitude Ballooning,Medad Newman,"The High altitude ballooning group launched 2 small balloons,ICSPACE6 and 7 today, 9 March 2019 from Wormwood Scrubs, London with trackers on board. We successfully tracked them all the way to Belgium but they mysteriously disappeared over what I now call the “BelgiuMuda...",,archive/2019-03-high-altitude-ballooning-group-launch-pair-of-balloons-to-belgium-this.html,yes
2019-04,The return of British rockets,Rocketry,Will Harradence,"Imperial College Space Society attends the unveiling of Orbex’s new 3D-printed upper stage rocket  In a dark and spacious room, with upbeat music accompanying a blue-lit bar, a crowd was gathering to await the latest product reveal from a hot British start-up. As the CEO took...",,archive/2019-04-the-return-of-british-rockets.html,yes
2019-04,New pico balloon flight duration milestone reached,High Altitude Ballooning,Medad Newman,"The Imperial College Space Society High Altitude ballooning group launched 2 balloons yesterday, 15 April 2019. One of the two balloons launched yesterday was tracked for a duration of 12 hours and 52 minutes of flight time. This is our longest flight yet, beating our previous...",archive/img/4dc028b8_image-1.png,archive/2019-04-new-pico-balloon-flight-duration-milestone-reached.html,yes
2019-04,Cross country pico balloon flight,High Altitude Ballooning,Medad Newman,"High altitude ballooning group launched two balloons today, 5 April 2019 from our usual launch site, Wormwood Scrubs Spaceport in London. The balloons travelled across the country along almost the same path. This time we had the longest flight duration, surpassing 4.5 hours. The...",,archive/2019-04-cross-country-pico-balloon-flight.html,yes
2019-08,Balloon flights to Poland and Germany,High Altitude Ballooning,Medad Newman,"Richard launching ICSPACE13 that made it to Poland On 5th of August 2019 we launched our most successful flights so far, both in terms of distance and flight duration. ICSPACE13 travelled over 1200km to Poland, flying over the Netherlands, Germany. Flight time was 13h 2min....",,archive/2019-08-balloon-flights-to-poland-and-germany.html,yes
2019-10,Rocket Flight Computer for Project Mach One progress,Rocketry,Medad Newman,"The high powered rocket designed to go supersonic has been under development for some time now at the Imperial College Space Society. Recently, we have been designing and building the flight computer. We have settled on a single stage minimum diameter rocket(either 38mm or 54mm...",,archive/2019-10-rocket-flight-computer-for-project-mach-one-progress.html,yes
2019-12,Pulling image data from orbiting NOAA satellites,Society,Medad Newman,"The cube satellite group designed and built a 137 Mhz double crossed dipole antenna to receive data from orbiting NOAA statelites. This probably the first time the Imperial College Space Society has communicated with an orbiting satellite, albeit only one way. We built the...",,archive/2019-12-pulling-image-data-from-orbiting-noaa-satellites.html,yes
2020-01,Long range LoRa Balloon tracker launch from London,High Altitude Ballooning,guilds_icseds,"The long awaited launch of the our next generation balloon track has come. This new tracker integrates the Murata CMWX1ZZABZ-078 LoRa radio module, an Ublox GPS, TE connectivity MS5607 temperature/pressure sensor, AA lithium battery and boost coverter. We launched the balloon...",,archive/2020-01-long-range-lora-balloon-tracker-launch-from-london.html,yes
2020-02,LoRa Balloon flights to Austria and Slovakia,High Altitude Ballooning,Medad Newman,"Launch of the fully solar powered ICSPACE16. Last heard over Austria Launch of the battery powered tracker, ICSPACE17. Landed on a hill in Slovakia The High altitude ballooning group launched 2 trackers on Friday 31 Jan 2020 from Fryent Country park. ICSPACE16 was last seen over...",,archive/2020-02-balloon-flights-to-austria-and-slovakia.html,yes
2020-03,Launch of ICSPACE19 LoRa balloon flight,High Altitude Ballooning,guilds_icseds,Launch of ICSPACE19 by Jackson The ICSS balloon group launched ICSPACE19 from Fryent Country park on 17/3/2020. This launch comes more than a month since the last launch and is perhaps the most tested tracker we have launched. The LoRa radio transmitted using Spreading Factor 8...,archive/img/ad24efa5_OTAA.png,archive/2020-03-launch-of-icspace19.html,yes
2020-10,ICSPACE21: Flight to Japan and ICSPACE20,High Altitude Ballooning,Medad Newman,"Flight path of ICSPACE21 This article describes two high altitude balloon flights in August/September 2020. ICSPACE20 was launched on 22 August 2020 and was last heard over Denmark. ICSPACE21, launched on 4 September 2020, was last heard over Japan six days later, floating at...",archive/img/d75fadc3_20200828_225527.jpg,archive/2020-10-icspace21-flight-to-japan-and-icspace20.html,yes
2020-12,Rocket Engine Design Update!,Tycho / Kepler,Matvey Boguslavskiy,"Crikey it’s been a while since we updated you all about the Engine Design Project (EDP)! Well it’s not longer called the EDP, in fact: we’ve rebranded to become a bit more idiosyncratic under the name of the “Rocket Engine Design Project” (REDP). We’re no longer working on...",,archive/2020-12-rocket-engine-design-update.html,yes
2020-12,ICSPACE23 launch,High Altitude Ballooning,Medad Newman,"ICSPACE23 was launched at 12:00h UTC on 17/12/2020 from Felixstowe, UK. It is once again a LoRaWAN tracker connected to The Things Network. Day 1 Here is the launch video, filmed by Steve Randall. Many thanks to Steve for launching it. Launch video At the end of the day, the...",archive/img/a8fd3cea_50728133142_a481e72d14_c.jpg,archive/2020-12-icspace23-launch.html,yes
2020-12,First (unconfirmed) circumnavigation of the Earth by IC Space Society balloon: ICSPACE22,High Altitude Ballooning,Medad Newman,Flight path of balloon. ICSPACE22 was launched Monday 19 October 2020 with a 6.0g tracker under a party balloon filled with pure hydrogen. The tracker is solar powered and transmits LoRaWAN packets of its position to gateways connected to The Things Network. The balloon made an...,archive/img/c23f3d64_MicrosoftTeams-image-3.png,archive/2020-12-icspace22.html,yes
2020-12,First (unconfirmed) circumnavigation of the Earth by IC Space Society balloon: ICSPACE22,High Altitude Ballooning,Medad Newman,Flight path of balloon. ICSPACE22 was launched Monday 19 October 2020 with a 6.0g tracker under a party balloon filled with pure hydrogen. The tracker is solar powered and transmits LoRaWAN packets of its position to gateways connected to The Things Network. The balloon made an...,archive/img/c23f3d64_MicrosoftTeams-image-3.png,archive/2020-12-first-unconfirmed-circumnavigation-of-the-earth-by-ic-space-society-ba.html,yes
2021-01,ICSPACE24 launch,High Altitude Ballooning,Medad Newman,ICSPACE24 was launched at 09:45 UTC on 22/1/2021 from Felixstowe by Steve Randall(many thanks). It was a tracker powered by smaller and lighter solar cells. This brought down the weight of tracker to 4.6 grams. The balloon was changed to a Qualatex 36 inch balloon. Free lift was...,,archive/2021-01-icspace24-launch.html,yes
2021-05,Launch of balloon ICSPACE25,High Altitude Ballooning,Medad Newman,"ICSPACE25 was launched from Felixstowe on 30 April 2021 by Steve Randall(Many Thanks). It was a twin balloon launch, both prestretched to 0.16 cubic meters over the course of 28 hours at ~0.6 psi. It floated at 10.8 km altitude, lower than expected. It uses the same tracker...",,archive/2021-05-launch-of-balloon-icspace25.html,yes
2023-01,Project Stratus – Developing cost-efficient and versatile alternative to Earth observation imaging satellites using weather balloons.,Stratus,Ivan Revenga Riesco,"Hi everyone! We are extremely excited to announce that this year at Imperial College Space Society , we are launching Project Stratus , our new High Altitude Ballooning project! Project Stratus aims to build a multi-purpose weather balloon that can navigate itself horizontally...",,archive/2023-01-project-stratus-developing-cost-efficient-and-versatile-alternative-to.html,yes
2023-01,Imperial Planetary Robotics Lab Autumn-Winter term 2022 Update!,IPRL,Ivan Revenga Riesco,"What is IRPL In the long run, IPRL aims to be a student-run space robotics research lab here at Imperial, but for this, we need to gain experience and recognition. Our first goal is to create a ~50kg full-size rover and compete in European Rover Challenge 2023 . Imperial...",,archive/2023-01-imperial-planetary-robotics-lab-autumn-winter-term-2022-update.html,yes
2023-02,Project Kepler Autumn-Winter term 2022 Update!,Tycho / Kepler,Ivan Revenga Riesco,Project Overview Project Kepler is the Imperial College Space Society Rocket Engine Design Project with the objective to manufacture and test the highest thrust to weight ratio rocket engine ever produced . The engine runs on Isopropyl Alcohol ( IPA ) fuel and Liquid Oxygen (...,,archive/2023-02-project-kepler-autumn-winter-term-2022-update.html,yes
2023-02,P̶r̶o̶j̶e̶c̶t̶ D̶a̶e̶d̶a̶l̶u̶s̶  -> PROJECT SVAROG Autumn-Winter  2022 Term Update!,Svarog,Ivan Revenga Riesco,"Rebranding! Project Daedalus will be called PROJECT SVAROG from now on, the reason behind the rebranding is due to some to a name-clash with an existing concept mission from the 70s ( Project Daedalus ). “Svarog” comes from the name of the Slavic god of fire, blacksmithing and...",,archive/2023-02-project-daedalus-project-svarog-autumn-winter-2022-term-update.html,yes
2023-05,IPRL 2023 – New Partner!,IPRL,Ivan Revenga Riesco,It is said that the devil is in the details. An aspect of engineering that is often overlooked is the way large components are assembled and bolted together – indeed it is most likely a component will fail at its connection to other subassemblies.  Therefore we are very grateful...,archive/img/d32ef5f7_ACCU_Logotype_Website_AW_BLACK_page-0001.jpg,archive/2023-05-iprl-2023-new-partner.html,yes
